name,type1,type2,generation,attack,hp,sp_attack,sp_defense,defense,speed,total_stadistics,capture_rate
Bulbasaur,grass,poison,1,49,45,65,65,49,45,318,45
Ivysaur,grass,poison,1,62,60,80,80,63,60,405,45
Venusaur,grass,poison,1,100,80,122,120,123,80,625,45
Charmander,fire,,1,52,39,60,50,43,65,309,45
Charmeleon,fire,,1,64,58,80,65,58,80,405,45
Charizard,fire,flying,1,104,78,159,115,78,100,634,45
Squirtle,water,,1,48,44,50,64,65,43,314,45
Wartortle,water,,1,63,59,65,80,80,58,405,45
Blastoise,water,,1,103,79,135,115,120,78,630,45
Caterpie,bug,,1,30,45,20,20,35,45,195,255
Metapod,bug,,1,20,50,25,25,55,30,205,120
Butterfree,bug,flying,1,45,60,90,80,50,70,395,45
Weedle,bug,poison,1,35,40,20,20,30,50,195,255
Kakuna,bug,poison,1,25,45,25,25,50,35,205,120
Beedrill,bug,poison,1,150,65,15,80,40,145,495,45
Pidgey,normal,flying,1,45,40,35,35,40,56,251,255
Pidgeotto,normal,flying,1,60,63,50,50,55,71,349,120
Pidgeot,normal,flying,1,80,83,135,80,80,121,579,45
Rattata,normal,dark,1,56,30,25,35,35,72,253,255
Raticate,normal,dark,1,71,75,40,80,70,77,413,127
Spearow,normal,flying,1,60,40,31,31,30,70,262,255
Fearow,normal,flying,1,90,65,61,61,65,100,442,90
Ekans,poison,,1,60,35,40,54,44,55,288,255
Arbok,poison,,1,95,60,65,79,69,80,448,90
Pikachu,electric,,1,55,35,50,50,40,90,320,190
Raichu,electric,electric,1,85,60,95,85,50,110,485,75
Sandshrew,ground,ice,1,75,50,10,35,90,40,300,255
Sandslash,ground,ice,1,100,75,25,65,120,65,450,90
Nidoran♀,poison,,1,47,55,40,40,52,41,275,235
Nidorina,poison,,1,62,70,55,55,67,56,365,120
Nidoqueen,poison,ground,1,92,90,75,85,87,76,505,45
Nidoran♂,poison,,1,57,46,40,40,40,50,273,235
Nidorino,poison,,1,72,61,55,55,57,65,365,120
Nidoking,poison,ground,1,102,81,85,75,77,85,505,45
Clefairy,fairy,,1,45,70,60,65,48,35,323,150
Clefable,fairy,,1,70,95,95,90,73,60,483,25
Vulpix,fire,ice,1,41,38,50,65,40,65,299,190
Ninetales,fire,ice,1,67,73,81,100,75,109,505,75
Jigglypuff,normal,fairy,1,45,115,45,25,20,20,270,170
Wigglytuff,normal,fairy,1,70,140,85,50,45,45,435,50
Zubat,poison,flying,1,45,40,30,40,35,55,245,255
Golbat,poison,flying,1,80,75,65,75,70,90,455,90
Oddish,grass,poison,1,50,45,75,65,55,30,320,255
Gloom,grass,poison,1,65,60,85,75,70,40,395,120
Vileplume,grass,poison,1,80,75,110,90,85,50,490,45
Paras,bug,grass,1,70,35,45,55,55,25,285,190
Parasect,bug,grass,1,95,60,60,80,80,30,405,75
Venonat,bug,poison,1,55,60,40,55,50,45,305,190
Venomoth,bug,poison,1,65,70,90,75,60,90,450,75
Diglett,ground,ground,1,55,10,35,45,30,90,265,255
Dugtrio,ground,ground,1,100,35,50,70,60,110,425,50
Meowth,normal,dark,1,35,40,50,40,35,90,290,255
Persian,normal,dark,1,60,65,75,65,60,115,440,90
Psyduck,water,,1,52,50,65,50,48,55,320,190
Golduck,water,,1,82,80,95,80,78,85,500,75
Mankey,fighting,,1,80,40,35,45,35,70,305,190
Primeape,fighting,,1,105,65,60,70,60,95,455,75
Growlithe,fire,,1,70,55,70,50,45,60,350,190
Arcanine,fire,,1,110,90,100,80,80,95,555,75
Poliwag,water,,1,50,40,40,40,40,90,300,255
Poliwhirl,water,,1,65,65,50,50,65,90,385,120
Poliwrath,water,fighting,1,95,90,70,90,95,70,510,45
Abra,psychic,,1,20,25,105,55,15,90,310,200
Kadabra,psychic,,1,35,40,120,70,30,105,400,100
Alakazam,psychic,,1,50,55,175,105,65,150,600,50
Machop,fighting,,1,80,70,35,35,50,35,305,180
Machoke,fighting,,1,100,80,50,60,70,45,405,90
Machamp,fighting,,1,130,90,65,85,80,55,505,45
Bellsprout,grass,poison,1,75,50,70,30,35,40,300,255
Weepinbell,grass,poison,1,90,65,85,45,50,55,390,120
Victreebel,grass,poison,1,105,80,100,70,65,70,490,45
Tentacool,water,poison,1,40,40,50,100,35,70,335,190
Tentacruel,water,poison,1,70,80,80,120,65,100,515,60
Geodude,rock,ground,1,80,40,30,30,100,20,300,255
Graveler,rock,ground,1,95,55,45,45,115,35,390,120
Golem,rock,ground,1,120,80,55,65,130,45,495,45
Ponyta,fire,,1,85,50,65,65,55,90,410,190
Rapidash,fire,,1,100,65,80,80,70,105,500,60
Slowpoke,water,psychic,1,65,90,40,40,65,15,315,190
Slowbro,water,psychic,1,75,95,130,80,180,30,590,75
Magnemite,electric,steel,1,35,25,95,55,70,45,325,190
Magneton,electric,steel,1,60,50,120,70,95,70,465,60
Farfetch'd,normal,flying,1,90,52,58,62,55,60,377,45
Doduo,normal,flying,1,85,35,35,35,45,75,310,190
Dodrio,normal,flying,1,110,60,60,60,70,110,470,45
Seel,water,,1,45,65,45,70,55,45,325,190
Dewgong,water,ice,1,70,90,70,95,80,70,475,75
Grimer,poison,poison,1,80,80,40,50,50,25,325,190
Muk,poison,poison,1,105,105,65,100,75,50,500,75
Shellder,water,,1,65,30,45,25,100,40,305,190
Cloyster,water,ice,1,95,50,85,45,180,70,525,60
Gastly,ghost,poison,1,35,30,100,35,30,80,310,190
Haunter,ghost,poison,1,50,45,115,55,45,95,405,90
Gengar,ghost,poison,1,65,60,170,95,80,130,600,45
Onix,rock,ground,1,45,35,30,45,160,70,385,45
Drowzee,psychic,,1,48,60,43,90,45,42,328,190
Hypno,psychic,,1,73,85,73,115,70,67,483,75
Krabby,water,,1,105,30,25,25,90,50,325,225
Kingler,water,,1,130,55,50,50,115,75,475,60
Voltorb,electric,,1,30,40,55,55,50,100,330,190
Electrode,electric,,1,50,60,80,80,70,150,490,60
Exeggcute,grass,psychic,1,40,60,60,45,80,40,325,90
Exeggutor,grass,psychic,1,105,95,125,75,85,45,530,45
Cubone,ground,,1,50,50,40,50,95,35,320,190
Marowak,ground,fire,1,80,60,50,80,110,45,425,75
Hitmonlee,fighting,,1,120,50,35,110,53,87,455,45
Hitmonchan,fighting,,1,105,50,35,110,79,76,455,45
Lickitung,normal,,1,55,90,60,75,75,30,385,45
Koffing,poison,,1,65,40,60,45,95,35,340,190
Weezing,poison,,1,90,65,85,70,120,60,490,60
Rhyhorn,ground,rock,1,85,80,30,30,95,25,345,120
Rhydon,ground,rock,1,130,105,45,45,120,40,485,60
Chansey,normal,,1,5,250,35,105,5,50,450,30
Tangela,grass,,1,55,65,100,40,115,60,435,45
Kangaskhan,normal,,1,125,105,60,100,100,100,590,45
Horsea,water,,1,40,30,70,25,70,60,295,225
Seadra,water,,1,65,55,95,45,95,85,440,75
Goldeen,water,,1,67,45,35,50,60,63,320,225
Seaking,water,,1,92,80,65,80,65,68,450,60
Staryu,water,,1,45,30,70,55,55,85,340,225
Starmie,water,psychic,1,75,60,100,85,85,115,520,60
Mr. Mime,psychic,fairy,1,45,40,100,120,65,90,460,45
Scyther,bug,flying,1,110,70,55,80,80,105,500,45
Jynx,ice,psychic,1,50,65,115,95,35,95,455,45
Electabuzz,electric,,1,83,65,95,85,57,105,490,45
Magmar,fire,,1,95,65,100,85,57,93,495,45
Pinsir,bug,,1,155,65,65,90,120,105,600,45
Tauros,normal,,1,100,75,40,70,95,110,490,45
Magikarp,water,,1,10,20,15,20,55,80,200,255
Gyarados,water,flying,1,155,95,70,130,109,81,640,45
Lapras,water,ice,1,85,130,85,95,80,60,535,45
Ditto,normal,,1,48,48,48,48,48,48,288,35
Eevee,normal,,1,55,55,45,65,50,55,325,45
Vaporeon,water,,1,65,130,110,95,60,65,525,45
Jolteon,electric,,1,65,65,110,95,60,130,525,45
Flareon,fire,,1,130,65,95,110,60,65,525,45
Porygon,normal,,1,60,65,85,75,70,40,395,45
Omanyte,rock,water,1,40,35,90,55,100,35,355,45
Omastar,rock,water,1,60,70,115,70,125,55,495,45
Kabuto,rock,water,1,80,30,55,45,90,55,355,45
Kabutops,rock,water,1,115,60,65,70,105,80,495,45
Aerodactyl,rock,flying,1,135,80,70,95,85,150,615,45
Snorlax,normal,,1,110,160,65,110,65,30,540,25
Articuno,ice,flying,1,85,90,95,125,100,85,580,3
Zapdos,electric,flying,1,90,90,125,90,85,100,580,3
Moltres,fire,flying,1,100,90,125,85,90,90,580,3
Dratini,dragon,,1,64,41,50,50,45,50,300,45
Dragonair,dragon,,1,84,61,70,70,65,70,420,45
Dragonite,dragon,flying,1,134,91,100,100,95,80,600,45
Mewtwo,psychic,,1,150,106,194,120,70,140,780,3
Mew,psychic,,1,100,100,100,100,100,100,600,45
Chikorita,grass,,2,49,45,49,65,65,45,318,45
Bayleef,grass,,2,62,60,63,80,80,60,405,45
Meganium,grass,,2,82,80,83,100,100,80,525,45
Cyndaquil,fire,,2,52,39,60,50,43,65,309,45
Quilava,fire,,2,64,58,80,65,58,80,405,45
Typhlosion,fire,,2,84,78,109,85,78,100,534,45
Totodile,water,,2,65,50,44,48,64,43,314,45
Croconaw,water,,2,80,65,59,63,80,58,405,45
Feraligatr,water,,2,105,85,79,83,100,78,530,45
Sentret,normal,,2,46,35,35,45,34,20,215,255
Furret,normal,,2,76,85,45,55,64,90,415,90
Hoothoot,normal,flying,2,30,60,36,56,30,50,262,255
Noctowl,normal,flying,2,50,100,86,96,50,70,452,90
Ledyba,bug,flying,2,20,40,40,80,30,55,265,255
Ledian,bug,flying,2,35,55,55,110,50,85,390,90
Spinarak,bug,poison,2,60,40,40,40,40,30,250,255
Ariados,bug,poison,2,90,70,60,70,70,40,400,90
Crobat,poison,flying,2,90,85,70,80,80,130,535,90
Chinchou,water,electric,2,38,75,56,56,38,67,330,190
Lanturn,water,electric,2,58,125,76,76,58,67,460,75
Pichu,electric,,2,40,20,35,35,15,60,205,190
Cleffa,fairy,,2,25,50,45,55,28,15,218,150
Igglybuff,normal,fairy,2,30,90,40,20,15,15,210,170
Togepi,fairy,,2,20,35,40,65,65,20,245,190
Togetic,fairy,flying,2,40,55,80,105,85,40,405,75
Natu,psychic,flying,2,50,40,70,45,45,70,320,190
Xatu,psychic,flying,2,75,65,95,70,70,95,470,75
Mareep,electric,,2,40,55,65,45,40,35,280,235
Flaaffy,electric,,2,55,70,80,60,55,45,365,120
Ampharos,electric,,2,95,90,165,110,105,45,610,45
Bellossom,grass,,2,80,75,90,100,95,50,490,45
Marill,water,fairy,2,20,70,20,50,50,40,250,190
Azumarill,water,fairy,2,50,100,60,80,80,50,420,75
Sudowoodo,rock,,2,100,70,30,65,115,30,410,65
Politoed,water,,2,75,90,90,100,75,70,500,45
Hoppip,grass,flying,2,35,35,35,55,40,50,250,255
Skiploom,grass,flying,2,45,55,45,65,50,80,340,120
Jumpluff,grass,flying,2,55,75,55,95,70,110,460,45
Aipom,normal,,2,70,55,40,55,55,85,360,45
Sunkern,grass,,2,30,30,30,30,30,30,180,235
Sunflora,grass,,2,75,75,105,85,55,30,425,120
Yanma,bug,flying,2,65,65,75,45,45,95,390,75
Wooper,water,ground,2,45,55,25,25,45,15,210,255
Quagsire,water,ground,2,85,95,65,65,85,35,430,90
Espeon,psychic,,2,65,65,130,95,60,110,525,45
Umbreon,dark,,2,65,95,60,130,110,65,525,45
Murkrow,dark,flying,2,85,60,85,42,42,91,405,30
Slowking,water,psychic,2,75,95,100,110,80,30,490,70
Misdreavus,ghost,,2,60,60,85,85,60,85,435,45
Unown,psychic,,2,72,48,72,48,48,48,336,225
Wobbuffet,psychic,,2,33,190,33,58,58,33,405,45
Girafarig,normal,psychic,2,80,70,90,65,65,85,455,60
Pineco,bug,,2,65,50,35,35,90,15,290,190
Forretress,bug,steel,2,90,75,60,60,140,40,465,75
Dunsparce,normal,,2,70,100,65,65,70,45,415,190
Gligar,ground,flying,2,75,65,35,65,105,85,430,60
Steelix,steel,ground,2,125,75,55,95,230,30,610,25
Snubbull,fairy,,2,80,60,40,40,50,30,300,190
Granbull,fairy,,2,120,90,60,60,75,45,450,75
Qwilfish,water,poison,2,95,65,55,55,85,85,440,45
Scizor,bug,steel,2,150,70,65,100,140,75,600,25
Shuckle,bug,rock,2,10,20,10,230,230,5,505,190
Heracross,bug,fighting,2,185,80,40,105,115,75,600,45
Sneasel,dark,ice,2,95,55,35,75,55,115,430,60
Teddiursa,normal,,2,80,60,50,50,50,40,330,120
Ursaring,normal,,2,130,90,75,75,75,55,500,60
Slugma,fire,,2,40,40,70,40,40,20,250,190
Magcargo,fire,rock,2,50,60,90,80,120,30,430,75
Swinub,ice,ground,2,50,50,30,30,40,50,250,225
Piloswine,ice,ground,2,100,100,60,60,80,50,450,75
Corsola,water,rock,2,55,65,65,95,95,35,410,60
Remoraid,water,,2,65,35,65,35,35,65,300,190
Octillery,water,,2,105,75,105,75,75,45,480,75
Delibird,ice,flying,2,55,45,65,45,45,75,330,45
Mantine,water,flying,2,40,85,80,140,70,70,485,25
Skarmory,steel,flying,2,80,65,40,70,140,70,465,25
Houndour,dark,fire,2,60,45,80,50,30,65,330,120
Houndoom,dark,fire,2,90,75,140,90,90,115,600,45
Kingdra,water,dragon,2,95,75,95,95,95,85,540,45
Phanpy,ground,,2,60,90,40,40,60,40,330,120
Donphan,ground,,2,120,90,60,60,120,50,500,60
Porygon2,normal,,2,80,85,105,95,90,60,515,45
Stantler,normal,,2,95,73,85,65,62,85,465,45
Smeargle,normal,,2,20,55,20,45,35,75,250,45
Tyrogue,fighting,,2,35,35,35,35,35,35,210,75
Hitmontop,fighting,,2,95,50,35,110,95,70,455,45
Smoochum,ice,psychic,2,30,45,85,65,15,65,305,45
Elekid,electric,,2,63,45,65,55,37,95,360,45
Magby,fire,,2,75,45,70,55,37,83,365,45
Miltank,normal,,2,80,95,40,70,105,100,490,45
Blissey,normal,,2,10,255,75,135,10,55,540,30
Raikou,electric,,2,85,90,115,100,75,115,580,3
Entei,fire,,2,115,115,90,75,85,100,580,3
Suicune,water,,2,75,100,90,115,115,85,580,3
Larvitar,rock,ground,2,64,50,45,50,50,41,300,45
Pupitar,rock,ground,2,84,70,65,70,70,51,410,45
Tyranitar,rock,dark,2,164,100,95,120,150,71,700,45
Lugia,psychic,flying,2,90,106,90,154,130,110,680,3
Ho-Oh,fire,flying,2,130,106,110,154,90,90,680,3
Celebi,psychic,grass,2,100,100,100,100,100,100,600,45
Treecko,grass,,3,45,40,65,55,35,70,310,45
Grovyle,grass,,3,65,50,85,65,45,95,405,45
Sceptile,grass,,3,110,70,145,85,75,145,630,45
Torchic,fire,,3,60,45,70,50,40,45,310,45
Combusken,fire,fighting,3,85,60,85,60,60,55,405,45
Blaziken,fire,fighting,3,160,80,130,80,80,100,630,45
Mudkip,water,,3,70,50,50,50,50,40,310,45
Marshtomp,water,ground,3,85,70,60,70,70,50,405,45
Swampert,water,ground,3,150,100,95,110,110,70,635,45
Poochyena,dark,,3,55,35,30,30,35,35,220,255
Mightyena,dark,,3,90,70,60,60,70,70,420,127
Zigzagoon,normal,,3,30,38,30,41,41,60,240,255
Linoone,normal,,3,70,78,50,61,61,100,420,90
Wurmple,bug,,3,45,45,20,30,35,20,195,255
Silcoon,bug,,3,35,50,25,25,55,15,205,120
Beautifly,bug,flying,3,70,60,100,50,50,65,395,45
Cascoon,bug,,3,35,50,25,25,55,15,205,120
Dustox,bug,poison,3,50,60,50,90,70,65,385,45
Lotad,water,grass,3,30,40,40,50,30,30,220,255
Lombre,water,grass,3,50,60,60,70,50,50,340,120
Ludicolo,water,grass,3,70,80,90,100,70,70,480,45
Seedot,grass,,3,40,40,30,30,50,30,220,255
Nuzleaf,grass,dark,3,70,70,60,40,40,60,340,120
Shiftry,grass,dark,3,100,90,90,60,60,80,480,45
Taillow,normal,flying,3,55,40,30,30,30,85,270,200
Swellow,normal,flying,3,85,60,75,50,60,125,455,45
Wingull,water,flying,3,30,40,55,30,30,85,270,190
Pelipper,water,flying,3,50,60,95,70,100,65,440,45
Ralts,psychic,fairy,3,25,28,45,35,25,40,198,235
Kirlia,psychic,fairy,3,35,38,65,55,35,50,278,120
Gardevoir,psychic,fairy,3,85,68,165,135,65,100,618,45
Surskit,bug,water,3,30,40,50,52,32,65,269,200
Masquerain,bug,flying,3,60,70,100,82,62,80,454,75
Shroomish,grass,,3,40,60,40,60,60,35,295,255
Breloom,grass,fighting,3,130,60,60,60,80,70,460,90
Slakoth,normal,,3,60,60,35,35,60,30,280,255
Vigoroth,normal,,3,80,80,55,55,80,90,440,120
Slaking,normal,,3,160,150,95,65,100,100,670,45
Nincada,bug,ground,3,45,31,30,30,90,40,266,255
Ninjask,bug,flying,3,90,61,50,50,45,160,456,120
Shedinja,bug,ghost,3,90,1,30,30,45,40,236,45
Whismur,normal,,3,51,64,51,23,23,28,240,190
Loudred,normal,,3,71,84,71,43,43,48,360,120
Exploud,normal,,3,91,104,91,73,63,68,490,45
Makuhita,fighting,,3,60,72,20,30,30,25,237,180
Hariyama,fighting,,3,120,144,40,60,60,50,474,200
Azurill,normal,fairy,3,20,50,20,40,40,20,190,150
Nosepass,rock,,3,45,30,45,90,135,30,375,255
Skitty,normal,,3,45,50,35,35,45,50,260,255
Delcatty,normal,,3,65,70,55,55,65,90,400,60
Sableye,dark,ghost,3,85,50,85,115,125,20,480,45
Mawile,steel,fairy,3,105,50,55,95,125,50,480,45
Aron,steel,rock,3,70,50,40,40,100,30,330,180
Lairon,steel,rock,3,90,60,50,50,140,40,430,90
Aggron,steel,rock,3,140,70,60,80,230,50,630,45
Meditite,fighting,psychic,3,40,30,40,55,55,60,280,180
Medicham,fighting,psychic,3,100,60,80,85,85,100,510,90
Electrike,electric,,3,45,40,65,40,40,65,295,120
Manectric,electric,,3,75,70,135,80,80,135,575,45
Plusle,electric,,3,50,60,85,75,40,95,405,200
Minun,electric,,3,40,60,75,85,50,95,405,200
Volbeat,bug,,3,73,65,47,85,75,85,430,150
Illumise,bug,,3,47,65,73,85,75,85,430,150
Roselia,grass,poison,3,60,50,100,80,45,65,400,150
Gulpin,poison,,3,43,70,43,53,53,40,302,225
Swalot,poison,,3,73,100,73,83,83,55,467,75
Carvanha,water,dark,3,90,45,65,20,20,65,305,225
Sharpedo,water,dark,3,140,70,110,65,70,105,560,60
Wailmer,water,,3,70,130,70,35,35,60,400,125
Wailord,water,,3,90,170,90,45,45,60,500,60
Numel,fire,ground,3,60,60,65,45,40,35,305,255
Camerupt,fire,ground,3,120,70,145,105,100,20,560,150
Torkoal,fire,,3,85,70,85,70,140,20,470,90
Spoink,psychic,,3,25,60,70,80,35,60,330,255
Grumpig,psychic,,3,45,80,90,110,65,80,470,60
Spinda,normal,,3,60,60,60,60,60,60,360,255
Trapinch,ground,,3,100,45,45,45,45,10,290,255
Vibrava,ground,dragon,3,70,50,50,50,50,70,340,120
Flygon,ground,dragon,3,100,80,80,80,80,100,520,45
Cacnea,grass,,3,85,50,85,40,40,35,335,190
Cacturne,grass,dark,3,115,70,115,60,60,55,475,60
Swablu,normal,flying,3,40,45,40,75,60,50,310,255
Altaria,dragon,flying,3,110,75,110,105,110,80,590,45
Zangoose,normal,,3,115,73,60,60,60,90,458,90
Seviper,poison,,3,100,73,100,60,60,65,458,90
Lunatone,rock,psychic,3,55,90,95,85,65,70,460,45
Solrock,rock,psychic,3,95,90,55,65,85,70,460,45
Barboach,water,ground,3,48,50,46,41,43,60,288,190
Whiscash,water,ground,3,78,110,76,71,73,60,468,75
Corphish,water,,3,80,43,50,35,65,35,308,205
Crawdaunt,water,dark,3,120,63,90,55,85,55,468,155
Baltoy,ground,psychic,3,40,40,40,70,55,55,300,255
Claydol,ground,psychic,3,70,60,70,120,105,75,500,90
Lileep,rock,grass,3,41,66,61,87,77,23,355,45
Cradily,rock,grass,3,81,86,81,107,97,43,495,45
Anorith,rock,bug,3,95,45,40,50,50,75,355,45
Armaldo,rock,bug,3,125,75,70,80,100,45,495,45
Feebas,water,,3,15,20,10,55,20,80,200,255
Milotic,water,,3,60,95,100,125,79,81,540,60
Castform,normal,,3,70,70,70,70,70,70,420,45
Kecleon,normal,,3,90,60,60,120,70,40,440,200
Shuppet,ghost,,3,75,44,63,33,35,45,295,225
Banette,ghost,,3,165,64,93,83,75,75,555,45
Duskull,ghost,,3,40,20,30,90,90,25,295,190
Dusclops,ghost,,3,70,40,60,130,130,25,455,90
Tropius,grass,flying,3,68,99,72,87,83,51,460,200
Chimecho,psychic,,3,50,75,95,90,80,65,455,45
Absol,dark,,3,150,65,115,60,60,115,565,30
Wynaut,psychic,,3,23,95,23,48,48,23,260,125
Snorunt,ice,,3,50,50,50,50,50,50,300,190
Glalie,ice,,3,120,80,120,80,80,100,580,75
Spheal,ice,water,3,40,70,55,50,50,25,290,255
Sealeo,ice,water,3,60,90,75,70,70,45,410,120
Walrein,ice,water,3,80,110,95,90,90,65,530,45
Clamperl,water,,3,64,35,74,55,85,32,345,255
Huntail,water,,3,104,55,94,75,105,52,485,60
Gorebyss,water,,3,84,55,114,75,105,52,485,60
Relicanth,water,rock,3,90,100,45,65,130,55,485,25
Luvdisc,water,,3,30,43,40,65,55,97,330,225
Bagon,dragon,,3,75,45,40,30,60,50,300,45
Shelgon,dragon,,3,95,65,60,50,100,50,420,45
Salamence,dragon,flying,3,145,95,120,90,130,120,700,45
Beldum,steel,psychic,3,55,40,35,60,80,30,300,3
Metang,steel,psychic,3,75,60,55,80,100,50,420,3
Metagross,steel,psychic,3,145,80,105,110,150,110,700,3
Regirock,rock,,3,100,80,50,100,200,50,580,3
Regice,ice,,3,50,80,100,200,100,50,580,3
Registeel,steel,,3,75,80,75,150,150,50,580,3
Latias,dragon,psychic,3,100,80,140,150,120,110,700,3
Latios,dragon,psychic,3,130,80,160,120,100,110,700,3
Kyogre,water,,3,150,100,180,160,90,90,770,3
Groudon,ground,,3,180,100,150,90,160,90,770,3
Rayquaza,dragon,flying,3,180,105,180,100,100,115,780,45
Jirachi,steel,psychic,3,100,100,100,100,100,100,600,3
Deoxys,psychic,,3,95,50,95,90,90,180,600,3
Turtwig,grass,,4,68,55,45,55,64,31,318,45
Grotle,grass,,4,89,75,55,65,85,36,405,45
Torterra,grass,ground,4,109,95,75,85,105,56,525,45
Chimchar,fire,,4,58,44,58,44,44,61,309,45
Monferno,fire,fighting,4,78,64,78,52,52,81,405,45
Infernape,fire,fighting,4,104,76,104,71,71,108,534,45
Piplup,water,,4,51,53,61,56,53,40,314,45
Prinplup,water,,4,66,64,81,76,68,50,405,45
Empoleon,water,steel,4,86,84,111,101,88,60,530,45
Starly,normal,flying,4,55,40,30,30,30,60,245,255
Staravia,normal,flying,4,75,55,40,40,50,80,340,120
Staraptor,normal,flying,4,120,85,50,60,70,100,485,45
Bidoof,normal,,4,45,59,35,40,40,31,250,255
Bibarel,normal,water,4,85,79,55,60,60,71,410,127
Kricketot,bug,,4,25,37,25,41,41,25,194,255
Kricketune,bug,,4,85,77,55,51,51,65,384,45
Shinx,electric,,4,65,45,40,34,34,45,263,235
Luxio,electric,,4,85,60,60,49,49,60,363,120
Luxray,electric,,4,120,80,95,79,79,70,523,45
Budew,grass,poison,4,30,40,50,70,35,55,280,255
Roserade,grass,poison,4,70,60,125,105,65,90,515,75
Cranidos,rock,,4,125,67,30,30,40,58,350,45
Rampardos,rock,,4,165,97,65,50,60,58,495,45
Shieldon,rock,steel,4,42,30,42,88,118,30,350,45
Bastiodon,rock,steel,4,52,60,47,138,168,30,495,45
Burmy,bug,,4,29,40,29,45,45,36,224,120
Wormadam,bug,grass,4,69,60,69,95,95,36,424,45
Mothim,bug,flying,4,94,70,94,50,50,66,424,45
Combee,bug,flying,4,30,30,30,42,42,70,244,120
Vespiquen,bug,flying,4,80,70,80,102,102,40,474,45
Pachirisu,electric,,4,45,60,45,90,70,95,405,200
Buizel,water,,4,65,55,60,30,35,85,330,190
Floatzel,water,,4,105,85,85,50,55,115,495,75
Cherubi,grass,,4,35,45,62,53,45,35,275,190
Cherrim,grass,,4,60,70,87,78,70,85,450,75
Shellos,water,,4,48,76,57,62,48,34,325,190
Gastrodon,water,ground,4,83,111,92,82,68,39,475,75
Ambipom,normal,,4,100,75,60,66,66,115,482,45
Drifloon,ghost,flying,4,50,90,60,44,34,70,348,125
Drifblim,ghost,flying,4,80,150,90,54,44,80,498,60
Buneary,normal,,4,66,55,44,56,44,85,350,190
Lopunny,normal,,4,136,65,54,96,94,135,580,60
Mismagius,ghost,,4,60,60,105,105,60,105,495,45
Honchkrow,dark,flying,4,125,100,105,52,52,71,505,30
Glameow,normal,,4,55,49,42,37,42,85,310,190
Purugly,normal,,4,82,71,64,59,64,112,452,75
Chingling,psychic,,4,30,45,65,50,50,45,285,120
Stunky,poison,dark,4,63,63,41,41,47,74,329,225
Skuntank,poison,dark,4,93,103,71,61,67,84,479,60
Bronzor,steel,psychic,4,24,57,24,86,86,23,300,255
Bronzong,steel,psychic,4,89,67,79,116,116,33,500,90
Bonsly,rock,,4,80,50,10,45,95,10,290,255
Mime Jr.,psychic,fairy,4,25,20,70,90,45,60,310,145
Happiny,normal,,4,5,100,15,65,5,30,220,130
Chatot,normal,flying,4,65,76,92,42,45,91,411,30
Spiritomb,ghost,dark,4,92,50,92,108,108,35,485,100
Gible,dragon,ground,4,70,58,40,45,45,42,300,45
Gabite,dragon,ground,4,90,68,50,55,65,82,410,45
Garchomp,dragon,ground,4,170,108,120,95,115,92,700,45
Munchlax,normal,,4,85,135,40,85,40,5,390,50
Riolu,fighting,,4,70,40,35,40,40,60,285,75
Lucario,fighting,steel,4,145,70,140,70,88,112,625,45
Hippopotas,ground,,4,72,68,38,42,78,32,330,140
Hippowdon,ground,,4,112,108,68,72,118,47,525,60
Skorupi,poison,bug,4,50,40,30,55,90,65,330,120
Drapion,poison,dark,4,90,70,60,75,110,95,500,45
Croagunk,poison,fighting,4,61,48,61,40,40,50,300,140
Toxicroak,poison,fighting,4,106,83,86,65,65,85,490,75
Carnivine,grass,,4,100,74,90,72,72,46,454,200
Finneon,water,,4,49,49,49,61,56,66,330,190
Lumineon,water,,4,69,69,69,86,76,91,460,75
Mantyke,water,flying,4,20,45,60,120,50,50,345,25
Snover,grass,ice,4,62,60,62,60,50,40,334,120
Abomasnow,grass,ice,4,132,90,132,105,105,30,594,60
Weavile,dark,ice,4,120,70,45,85,65,125,510,45
Magnezone,electric,steel,4,70,70,130,90,115,60,535,30
Lickilicky,normal,,4,85,110,80,95,95,50,515,30
Rhyperior,ground,rock,4,140,115,55,55,130,40,535,30
Tangrowth,grass,,4,100,100,110,50,125,50,535,30
Electivire,electric,,4,123,75,95,85,67,95,540,30
Magmortar,fire,,4,95,75,125,95,67,83,540,30
Togekiss,fairy,flying,4,50,85,120,115,95,80,545,30
Yanmega,bug,flying,4,76,86,116,56,86,95,515,30
Leafeon,grass,,4,110,65,60,65,130,95,525,45
Glaceon,ice,,4,60,65,130,95,110,65,525,45
Gliscor,ground,flying,4,95,75,45,75,125,95,510,30
Mamoswine,ice,ground,4,130,110,70,60,80,80,530,50
Porygon-Z,normal,,4,80,85,135,75,70,90,535,30
Gallade,psychic,fighting,4,165,68,65,115,95,110,618,45
Probopass,rock,steel,4,55,60,75,150,145,40,525,60
Dusknoir,ghost,,4,100,45,65,135,135,45,525,45
Froslass,ice,ghost,4,80,70,80,70,70,110,480,75
Rotom,electric,ghost,4,65,50,105,107,107,86,520,45
Uxie,psychic,,4,75,75,75,130,130,95,580,3
Mesprit,psychic,,4,105,80,105,105,105,80,580,3
Azelf,psychic,,4,125,75,125,70,70,115,580,3
Dialga,steel,dragon,4,120,100,150,100,120,90,680,3
Palkia,water,dragon,4,120,90,150,120,100,100,680,3
Heatran,fire,steel,4,90,91,130,106,106,77,600,3
Regigigas,normal,,4,160,110,80,110,110,100,670,3
Giratina,ghost,dragon,4,120,150,120,100,100,90,680,3
Cresselia,psychic,,4,70,120,75,130,120,85,600,3
Phione,water,,4,80,80,80,80,80,80,480,30
Manaphy,water,,4,100,100,100,100,100,100,600,3
Darkrai,dark,,4,90,70,135,90,90,125,600,3
Shaymin,grass,grass,4,103,100,120,75,75,127,600,45
Arceus,normal,,4,120,120,120,120,120,120,720,3
Victini,psychic,fire,5,100,100,100,100,100,100,600,3
Snivy,grass,,5,45,45,45,55,55,63,308,45
Servine,grass,,5,60,60,60,75,75,83,413,45
Serperior,grass,,5,75,75,75,95,95,113,528,45
Tepig,fire,,5,63,65,45,45,45,45,308,45
Pignite,fire,fighting,5,93,90,70,55,55,55,418,45
Emboar,fire,fighting,5,123,110,100,65,65,65,528,45
Oshawott,water,,5,55,55,63,45,45,45,308,45
Dewott,water,,5,75,75,83,60,60,60,413,45
Samurott,water,,5,100,95,108,70,85,70,528,45
Patrat,normal,,5,55,45,35,39,39,42,255,255
Watchog,normal,,5,85,60,60,69,69,77,420,255
Lillipup,normal,,5,60,45,25,45,45,55,275,255
Herdier,normal,,5,80,65,35,65,65,60,370,120
Stoutland,normal,,5,110,85,45,90,90,80,500,45
Purrloin,dark,,5,50,41,50,37,37,66,281,255
Liepard,dark,,5,88,64,88,50,50,106,446,90
Pansage,grass,,5,53,50,53,48,48,64,316,190
Simisage,grass,,5,98,75,98,63,63,101,498,75
Pansear,fire,,5,53,50,53,48,48,64,316,190
Simisear,fire,,5,98,75,98,63,63,101,498,75
Panpour,water,,5,53,50,53,48,48,64,316,190
Simipour,water,,5,98,75,98,63,63,101,498,75
Munna,psychic,,5,25,76,67,55,45,24,292,190
Musharna,psychic,,5,55,116,107,95,85,29,487,75
Pidove,normal,flying,5,55,50,36,30,50,43,264,255
Tranquill,normal,flying,5,77,62,50,42,62,65,358,120
Unfezant,normal,flying,5,115,80,65,55,80,93,488,45
Blitzle,electric,,5,60,45,50,32,32,76,295,190
Zebstrika,electric,,5,100,75,80,63,63,116,497,75
Roggenrola,rock,,5,75,55,25,25,85,15,280,255
Boldore,rock,,5,105,70,50,40,105,20,390,120
Gigalith,rock,,5,135,85,60,80,130,25,515,45
Woobat,psychic,flying,5,45,65,55,43,43,72,323,190
Swoobat,psychic,flying,5,57,67,77,55,55,114,425,45
Drilbur,ground,,5,85,60,30,45,40,68,328,120
Excadrill,ground,steel,5,135,110,50,65,60,88,508,60
Audino,normal,,5,60,103,80,126,126,50,545,255
Timburr,fighting,,5,80,75,25,35,55,35,305,180
Gurdurr,fighting,,5,105,85,40,50,85,40,405,90
Conkeldurr,fighting,,5,140,105,55,65,95,45,505,45
Tympole,water,,5,50,50,50,40,40,64,294,255
Palpitoad,water,ground,5,65,75,65,55,55,69,384,120
Seismitoad,water,ground,5,95,105,85,75,75,74,509,45
Throh,fighting,,5,100,120,30,85,85,45,465,45
Sawk,fighting,,5,125,75,30,75,75,85,465,45
Sewaddle,bug,grass,5,53,45,40,60,70,42,310,255
Swadloon,bug,grass,5,63,55,50,80,90,42,380,120
Leavanny,bug,grass,5,103,75,70,80,80,92,500,45
Venipede,bug,poison,5,45,30,30,39,59,57,260,255
Whirlipede,bug,poison,5,55,40,40,79,99,47,360,120
Scolipede,bug,poison,5,100,60,55,69,89,112,485,45
Cottonee,grass,fairy,5,27,40,37,50,60,66,280,190
Whimsicott,grass,fairy,5,67,60,77,75,85,116,480,75
Petilil,grass,,5,35,45,70,50,50,30,280,190
Lilligant,grass,,5,60,70,110,75,75,90,480,75
Basculin,water,,5,92,70,80,55,65,98,460,25
Sandile,ground,dark,5,72,50,35,35,35,65,292,180
Krokorok,ground,dark,5,82,60,45,45,45,74,351,90
Krookodile,ground,dark,5,117,95,65,70,80,92,519,45
Darumaka,fire,,5,90,70,15,45,45,50,315,120
Darmanitan,fire,fire,5,30,105,140,105,105,55,540,60
Maractus,grass,,5,86,75,106,67,67,60,461,255
Dwebble,bug,rock,5,65,50,35,35,85,55,325,190
Crustle,bug,rock,5,105,70,65,75,125,45,485,75
Scraggy,dark,fighting,5,75,50,35,70,70,48,348,180
Scrafty,dark,fighting,5,90,65,45,115,115,58,488,90
Sigilyph,psychic,flying,5,58,72,103,80,80,97,490,45
Yamask,ghost,,5,30,38,55,65,85,30,303,190
Cofagrigus,ghost,,5,50,58,95,105,145,30,483,90
Tirtouga,water,rock,5,78,54,53,45,103,22,355,45
Carracosta,water,rock,5,108,74,83,65,133,32,495,45
Archen,rock,flying,5,112,55,74,45,45,70,401,45
Archeops,rock,flying,5,140,75,112,65,65,110,567,45
Trubbish,poison,,5,50,50,40,62,62,65,329,190
Garbodor,poison,,5,95,80,60,82,82,75,474,60
Zorua,dark,,5,65,40,80,40,40,65,330,75
Zoroark,dark,,5,105,60,120,60,60,105,510,45
Minccino,normal,,5,50,55,40,40,40,75,300,255
Cinccino,normal,,5,95,75,65,60,60,115,470,60
Gothita,psychic,,5,30,45,55,65,50,45,290,200
Gothorita,psychic,,5,45,60,75,85,70,55,390,100
Gothitelle,psychic,,5,55,70,95,110,95,65,490,50
Solosis,psychic,,5,30,45,105,50,40,20,290,200
Duosion,psychic,,5,40,65,125,60,50,30,370,100
Reuniclus,psychic,,5,65,110,125,85,75,30,490,50
Ducklett,water,flying,5,44,62,44,50,50,55,305,190
Swanna,water,flying,5,87,75,87,63,63,98,473,45
Vanillite,ice,,5,50,36,65,60,50,44,305,255
Vanillish,ice,,5,65,51,80,75,65,59,395,120
Vanilluxe,ice,,5,95,71,110,95,85,79,535,45
Deerling,normal,grass,5,60,60,40,50,50,75,335,190
Sawsbuck,normal,grass,5,100,80,60,70,70,95,475,75
Emolga,electric,flying,5,75,55,75,60,60,103,428,200
Karrablast,bug,,5,75,50,40,45,45,60,315,200
Escavalier,bug,steel,5,135,70,60,105,105,20,495,75
Foongus,grass,poison,5,55,69,55,55,45,15,294,190
Amoonguss,grass,poison,5,85,114,85,80,70,30,464,75
Frillish,water,ghost,5,40,55,65,85,50,40,335,190
Jellicent,water,ghost,5,60,100,85,105,70,60,480,60
Alomomola,water,,5,75,165,40,45,80,65,470,75
Joltik,bug,electric,5,47,50,57,50,50,65,319,190
Galvantula,bug,electric,5,77,70,97,60,60,108,472,75
Ferroseed,grass,steel,5,50,44,24,86,91,10,305,255
Ferrothorn,grass,steel,5,94,74,54,116,131,20,489,90
Klink,steel,,5,55,40,45,60,70,30,300,130
Klang,steel,,5,80,60,70,85,95,50,440,60
Klinklang,steel,,5,100,60,70,85,115,90,520,30
Tynamo,electric,,5,55,35,45,40,40,60,275,190
Eelektrik,electric,,5,85,65,75,70,70,40,405,60
Eelektross,electric,,5,115,85,105,80,80,50,515,30
Elgyem,psychic,,5,55,55,85,55,55,30,335,255
Beheeyem,psychic,,5,75,75,125,95,75,40,485,90
Litwick,ghost,fire,5,30,50,65,55,55,20,275,190
Lampent,ghost,fire,5,40,60,95,60,60,55,370,90
Chandelure,ghost,fire,5,55,60,145,90,90,80,520,45
Axew,dragon,,5,87,46,30,40,60,57,320,75
Fraxure,dragon,,5,117,66,40,50,70,67,410,60
Haxorus,dragon,,5,147,76,60,70,90,97,540,45
Cubchoo,ice,,5,70,55,60,40,40,40,305,120
Beartic,ice,,5,130,95,70,80,80,50,505,60
Cryogonal,ice,,5,50,80,95,135,50,105,515,25
Shelmet,bug,,5,40,50,40,65,85,25,305,200
Accelgor,bug,,5,70,80,100,60,40,145,495,75
Stunfisk,ground,electric,5,66,109,81,99,84,32,471,75
Mienfoo,fighting,,5,85,45,55,50,50,65,350,180
Mienshao,fighting,,5,125,65,95,60,60,105,510,45
Druddigon,dragon,,5,120,77,60,90,90,48,485,45
Golett,ground,ghost,5,74,59,35,50,50,35,303,190
Golurk,ground,ghost,5,124,89,55,80,80,55,483,90
Pawniard,dark,steel,5,85,45,40,40,70,60,340,120
Bisharp,dark,steel,5,125,65,60,70,100,70,490,45
Bouffalant,normal,,5,110,95,40,95,95,55,490,45
Rufflet,normal,flying,5,83,70,37,50,50,60,350,190
Braviary,normal,flying,5,123,100,57,75,75,80,510,60
Vullaby,dark,flying,5,55,70,45,65,75,60,370,190
Mandibuzz,dark,flying,5,65,110,55,95,105,80,510,60
Heatmor,fire,,5,97,85,105,66,66,65,484,90
Durant,bug,steel,5,109,58,48,48,112,109,484,90
Deino,dark,dragon,5,65,52,45,50,50,38,300,45
Zweilous,dark,dragon,5,85,72,65,70,70,58,420,45
Hydreigon,dark,dragon,5,105,92,125,90,90,98,600,45
Larvesta,bug,fire,5,85,55,50,55,55,60,360,45
Volcarona,bug,fire,5,60,85,135,105,65,100,550,15
Cobalion,steel,fighting,5,90,91,90,72,129,108,580,3
Terrakion,rock,fighting,5,129,91,72,90,90,108,580,3
Virizion,grass,fighting,5,90,91,90,129,72,108,580,3
Tornadus,flying,,5,100,79,110,90,80,121,580,3
Thundurus,electric,flying,5,105,79,145,80,70,101,580,3
Reshiram,dragon,fire,5,120,100,150,120,100,90,680,3
Zekrom,dragon,electric,5,150,100,120,100,120,90,680,3
Landorus,ground,flying,5,145,89,105,80,90,91,600,3
Kyurem,dragon,ice,5,120,125,170,100,90,95,700,3
Keldeo,water,fighting,5,72,91,129,90,90,108,580,3
Meloetta,normal,psychic,5,128,100,77,77,90,128,600,3
Genesect,bug,steel,5,120,71,120,95,95,99,600,3
Chespin,grass,,6,61,56,48,45,65,38,313,45
Quilladin,grass,,6,78,61,56,58,95,57,405,45
Chesnaught,grass,fighting,6,107,88,74,75,122,64,530,45
Fennekin,fire,,6,45,40,62,60,40,60,307,45
Braixen,fire,,6,59,59,90,70,58,73,409,45
Delphox,fire,psychic,6,69,75,114,100,72,104,534,45
Froakie,water,,6,56,41,62,44,40,71,314,45
Frogadier,water,,6,63,54,83,56,52,97,405,45
Greninja,water,dark,6,145,72,153,71,67,132,640,45
Bunnelby,normal,,6,36,38,32,36,38,57,237,255
Diggersby,normal,ground,6,56,85,50,77,77,78,423,127
Fletchling,normal,flying,6,50,45,40,38,43,62,278,255
Fletchinder,fire,flying,6,73,62,56,52,55,84,382,120
Talonflame,fire,flying,6,81,78,74,69,71,126,499,45
Scatterbug,bug,,6,35,38,27,25,40,35,200,255
Spewpa,bug,,6,22,45,27,30,60,29,213,120
Vivillon,bug,flying,6,52,80,90,50,50,89,411,45
Litleo,fire,normal,6,50,62,73,54,58,72,369,220
Pyroar,fire,normal,6,68,86,109,66,72,106,507,65
Flabébé,fairy,,6,38,44,61,79,39,42,303,225
Floette,fairy,,6,65,74,125,128,67,92,551,120
Florges,fairy,,6,65,78,112,154,68,75,552,45
Skiddo,grass,,6,65,66,62,57,48,52,350,200
Gogoat,grass,,6,100,123,97,81,62,68,531,45
Pancham,fighting,,6,82,67,46,48,62,43,348,220
Pangoro,fighting,dark,6,124,95,69,71,78,58,495,65
Furfrou,normal,,6,80,75,65,90,60,102,472,160
Espurr,psychic,,6,48,62,63,60,54,68,355,190
Meowstic,psychic,,6,48,74,83,81,76,104,466,75
Honedge,steel,ghost,6,80,45,35,37,100,28,325,180
Doublade,steel,ghost,6,110,59,45,49,150,35,448,90
Aegislash,steel,ghost,6,150,60,150,50,50,60,520,45
Spritzee,fairy,,6,52,78,63,65,60,23,341,200
Aromatisse,fairy,,6,72,101,99,89,72,29,462,140
Swirlix,fairy,,6,48,62,59,57,66,49,341,200
Slurpuff,fairy,,6,80,82,85,75,86,72,480,140
Inkay,dark,psychic,6,54,53,37,46,53,45,288,190
Malamar,dark,psychic,6,92,86,68,75,88,73,482,80
Binacle,rock,water,6,52,42,39,56,67,50,306,120
Barbaracle,rock,water,6,105,72,54,86,115,68,500,45
Skrelp,poison,water,6,60,50,60,60,60,30,320,225
Dragalge,poison,dragon,6,75,65,97,123,90,44,494,55
Clauncher,water,,6,53,50,58,63,62,44,330,225
Clawitzer,water,,6,73,71,120,89,88,59,500,55
Helioptile,electric,normal,6,38,44,61,43,33,70,289,190
Heliolisk,electric,normal,6,55,62,109,94,52,109,481,75
Tyrunt,rock,dragon,6,89,58,45,45,77,48,362,45
Tyrantrum,rock,dragon,6,121,82,69,59,119,71,521,45
Amaura,rock,ice,6,59,77,67,63,50,46,362,45
Aurorus,rock,ice,6,77,123,99,92,72,58,521,45
Sylveon,fairy,,6,65,95,110,130,65,60,525,45
Hawlucha,fighting,flying,6,92,78,74,63,75,118,500,100
Dedenne,electric,fairy,6,58,67,81,67,57,101,431,180
Carbink,rock,fairy,6,50,50,50,150,150,50,500,60
Goomy,dragon,,6,50,45,55,75,35,40,300,45
Sliggoo,dragon,,6,75,68,83,113,53,60,452,45
Goodra,dragon,,6,100,90,110,150,70,80,600,45
Klefki,steel,fairy,6,80,57,80,87,91,75,470,75
Phantump,ghost,grass,6,70,43,50,60,48,38,309,120
Trevenant,ghost,grass,6,110,85,65,82,76,56,474,60
Pumpkaboo,ghost,grass,6,66,59,44,55,70,41,335,120
Gourgeist,ghost,grass,6,100,85,58,75,122,54,494,60
Bergmite,ice,,6,69,55,32,35,85,28,304,190
Avalugg,ice,,6,117,95,44,46,184,28,514,55
Noibat,flying,dragon,6,30,40,45,40,35,55,245,190
Noivern,flying,dragon,6,70,85,97,80,80,123,535,45
Xerneas,fairy,,6,131,126,131,98,95,99,680,45
Yveltal,dark,flying,6,131,126,131,98,95,99,680,45
Zygarde,dragon,ground,6,100,216,91,95,121,85,708,3
Diancie,rock,fairy,6,160,50,160,110,110,110,700,3
Hoopa,psychic,ghost,6,160,80,170,130,60,80,680,3
Volcanion,fire,water,6,110,80,130,90,120,70,600,3
Rowlet,grass,flying,7,55,68,50,50,55,42,320,45
Dartrix,grass,flying,7,75,78,70,70,75,52,420,45
Decidueye,grass,ghost,7,107,78,100,100,75,70,530,45
Litten,fire,,7,65,45,60,40,40,70,320,45
Torracat,fire,,7,85,65,80,50,50,90,420,45
Incineroar,fire,dark,7,115,95,80,90,90,60,530,45
Popplio,water,,7,54,50,66,56,54,40,320,45
Brionne,water,,7,69,60,91,81,69,50,420,45
Primarina,water,fairy,7,74,80,126,116,74,60,530,45
Pikipek,normal,flying,7,75,35,30,30,30,65,265,255
Trumbeak,normal,flying,7,85,55,40,50,50,75,355,120
Toucannon,normal,flying,7,120,80,75,75,75,60,485,45
Yungoos,normal,,7,70,48,30,30,30,45,253,255
Gumshoos,normal,,7,110,88,55,60,60,45,418,127
Grubbin,bug,,7,62,47,55,45,45,46,300,255
Charjabug,bug,electric,7,82,57,55,75,95,36,400,120
Vikavolt,bug,electric,7,70,77,145,75,90,43,500,45
Crabrawler,fighting,,7,82,47,42,47,57,63,338,225
Crabominable,fighting,ice,7,132,97,62,67,77,43,478,60
Oricorio,fire,flying,7,70,75,98,70,70,93,476,45
Cutiefly,bug,fairy,7,45,40,55,40,40,84,304,190
Ribombee,bug,fairy,7,55,60,95,70,60,124,464,75
Rockruff,rock,,7,65,45,30,40,40,60,280,190
Lycanroc,rock,,7,115,85,55,75,75,82,487,90
Wishiwashi,water,,7,140,45,140,135,130,30,620,60
Mareanie,poison,water,7,53,50,43,52,62,45,305,190
Toxapex,poison,water,7,63,50,53,142,152,35,495,75
Mudbray,ground,,7,100,70,45,55,70,45,385,190
Mudsdale,ground,,7,125,100,55,85,100,35,500,60
Dewpider,water,bug,7,40,38,40,72,52,27,269,200
Araquanid,water,bug,7,70,68,50,132,92,42,454,100
Fomantis,grass,,7,55,40,50,35,35,35,250,190
Lurantis,grass,,7,105,70,80,90,90,45,480,75
Morelull,grass,fairy,7,35,40,65,75,55,15,285,190
Shiinotic,grass,fairy,7,45,60,90,100,80,30,405,75
Salandit,poison,fire,7,44,48,71,40,40,77,320,120
Salazzle,poison,fire,7,64,68,111,60,60,117,480,45
Stufful,normal,fighting,7,75,70,45,50,50,50,340,140
Bewear,normal,fighting,7,125,120,55,60,80,60,500,70
Bounsweet,grass,,7,30,42,30,38,38,32,210,235
Steenee,grass,,7,40,52,40,48,48,62,290,120
Tsareena,grass,,7,120,72,50,98,98,72,510,45
Comfey,fairy,,7,52,51,82,110,90,100,485,60
Oranguru,normal,psychic,7,60,90,90,110,80,60,490,45
Passimian,fighting,,7,120,100,40,60,90,80,490,45
Wimpod,bug,water,7,35,25,20,30,40,80,230,90
Golisopod,bug,water,7,125,75,60,90,140,40,530,45
Sandygast,ghost,ground,7,55,55,70,45,80,15,320,140
Palossand,ghost,ground,7,75,85,100,75,110,35,480,60
Pyukumuku,water,,7,60,55,30,130,130,5,410,60
Type: Null,normal,,7,95,95,95,95,95,59,534,3
Silvally,normal,,7,95,95,95,95,95,95,570,3
Minior,rock,flying,7,100,60,100,60,60,120,500,0
Komala,normal,,7,115,65,75,95,65,65,480,45
Turtonator,fire,dragon,7,78,60,91,85,135,36,485,70
Togedemaru,electric,steel,7,98,65,40,73,63,96,435,180
Mimikyu,ghost,fairy,7,90,55,50,105,80,96,476,45
Bruxish,water,psychic,7,105,68,70,70,70,92,475,80
Drampa,normal,dragon,7,60,78,135,91,85,36,485,70
Dhelmise,ghost,grass,7,131,70,86,90,100,40,517,25
Jangmo-o,dragon,,7,55,45,45,45,65,45,300,45
Hakamo-o,dragon,fighting,7,75,55,65,70,90,65,420,45
Kommo-o,dragon,fighting,7,110,75,100,105,125,85,600,45
Tapu Koko,electric,fairy,7,115,70,95,75,85,130,570,3
Tapu Lele,psychic,fairy,7,85,70,130,115,75,95,570,3
Tapu Bulu,grass,fairy,7,130,70,85,95,115,75,570,3
Tapu Fini,water,fairy,7,75,70,95,130,115,85,570,3
Cosmog,psychic,,7,29,43,29,31,31,37,200,45
Cosmoem,psychic,,7,29,43,29,131,131,37,400,45
Solgaleo,psychic,steel,7,137,137,113,89,107,97,680,45
Lunala,psychic,ghost,7,113,137,137,107,89,97,680,45
Nihilego,rock,poison,7,53,109,127,131,47,103,570,45
Buzzwole,bug,fighting,7,139,107,53,53,139,79,570,25
Pheromosa,bug,fighting,7,137,71,137,37,37,151,570,255
Xurkitree,electric,,7,89,83,173,71,71,83,570,30
Celesteela,steel,flying,7,101,97,107,101,103,61,570,25
Kartana,grass,steel,7,181,59,59,31,131,109,570,255
Guzzlord,dark,dragon,7,101,223,97,53,53,43,570,15
Necrozma,psychic,,7,107,97,127,89,101,79,600,3
Magearna,steel,fairy,7,95,80,130,115,115,65,600,3
